id	alias	read_length	barcode	num_bases	bioproject	source	animal	saline
ERR1548680	qiita_sid_1064:1064.G.CV263	151	ACAGGAGGGTGT	5456838	PRJEB14927	honey bee microbiome	yes	no
ERR1548733	qiita_sid_1064:1064.G.CV328	151	AACCATGCCAAC	5436000	PRJEB14927	honey bee microbiome	yes	no
ERR1548821	qiita_sid_1064:1064.H.CV214	151	GAGGTTCTTGAC	5223090	PRJEB14927	honey bee microbiome	yes	no
ERR1529655	qiita_sid_1481:1481.PO1.2.T0	151	TCTAACGAGTGC	3804898	PRJEB14782	human microbiome	yes	no
ERR1529656	qiita_sid_1481:1481.PO1.2.T8	151	CATCTGGGCAAT	3286364	PRJEB14782	human microbiome	yes	no
ERR1529685	qiita_sid_1481:1481.PO5.10.T4	151	GCTTCCAGACAA	3030570	PRJEB14782	human microbiome	yes	no
ERR1530728	qiita_sid_1222:1222.B1.5.11.06	141	GACGCACTAACT	27746200	PRJEB14793	ocean	no	yes
ERR1530761	qiita_sid_1222:1222.B3.5.19.06	142	GAGCGTATCCAT	20439520	PRJEB14793	ocean	no	yes
ERR1530769	qiita_sid_1222:1222.B4.5.9.06	142	TCACGGTGACAT	21630381	PRJEB14793	ocean	no	yes
ERR1844439	qiita_sid_1714:1714.McG.PB02	150	TATGGAGCTAGT	6137796	PRJEB19497	soil	no	no
ERR1844440	qiita_sid_1714:1714.McG.PB1020	150	AACCATGCCAAC	6467126	PRJEB19497	soil	no	no
ERR1844443	qiita_sid_1714:1714.McG.PC210	150	ACTACCTCTTCA	5544241	PRJEB19497	soil	no	no
ERR1638444	qiita_sid_861:861.X10.jul09	149	TTCTGGTCTTGT	9809757	PRJEB15445	cenote	no	no
ERR1638445	qiita_sid_861:861.X10.mar09	149	GTTACAGTTGGC	17596411	PRJEB15445	cenote	no	no
ERR1638446	qiita_sid_861:861.X52.jul09	149	GTCCACTTGGAC	11577867	PRJEB15445	cenote	no	no
